ATL,1,1,1711.77
ATL,1,2,2053.31
ATL,1,3,2069.08
ATL,1,4,2060.15
ATL,1,5,2006.46
ATL,1,6,2041.62
ATL,1,7,2026.62
ATL,1,8,2027.69
ATL,1,9,2029.00
ATL,1,10,2014.92
ATL,1,11,2051.77
ATL,1,12,1999.54
ATL,1,13,2032.15
ATL,1,14,2016.00
ATL,1,15,2009.15
ATL,1,16,2012.62
ATL,1,17,2003.23
ATL,1,18,2033.15
ATL,1,19,1992.62
ATL,1,20,1997.00
ATL,1,21,2020.38
ATL,1,22,2027.23
ATL,1,23,2027.54
ATL,1,24,2015.08
ATL,1,25,2050.38
ATL,1,26,1998.69
ATL,1,27,2031.85
ATL,1,28,2020.85
ATL,1,29,2025.15
ATL,1,30,2024.08
ATL,1,31,2021.15
ATL,2,1,2054.15
ATL,2,2,2011.62
ATL,2,3,2029.23
ATL,2,4,2026.08
ATL,2,5,2032.77
ATL,2,6,2034.00
ATL,2,7,2022.15
ATL,2,8,2051.46
ATL,2,9,2007.54
ATL,2,10,2039.77
ATL,2,11,2026.85
ATL,2,12,2037.15
ATL,2,13,2047.15
ATL,2,14,2027.69
ATL,2,15,2060.69
ATL,2,16,2042.38
ATL,2,17,2031.15
ATL,2,18,2058.23
ATL,2,19,2042.31
ATL,2,20,2049.08
ATL,2,21,2056.15
ATL,2,22,2087.23
ATL,2,23,2052.23
ATL,2,24,2079.23
ATL,2,25,2061.00
ATL,2,26,2063.08
ATL,2,27,2075.62
ATL,2,28,2063.08
ATL,2,29,2232.67
ATL,3,1,2076.85
ATL,3,2,2115.62
ATL,3,3,2091.15
ATL,3,4,2121.08
ATL,3,5,2115.77
ATL,3,6,2098.62
ATL,3,7,2112.85
ATL,3,8,2111.38
ATL,3,9,2126.08
ATL,3,10,2095.77
ATL,3,11,2125.15
ATL,3,12,2118.85
ATL,3,13,2103.54
ATL,3,14,2115.08
ATL,3,15,2112.23
ATL,3,16,2121.85
ATL,3,17,2094.46
ATL,3,18,2126.23
ATL,3,19,2119.46
ATL,3,20,2103.54
ATL,3,21,2116.15
ATL,3,22,2111.69
ATL,3,23,2115.00
ATL,3,24,2095.00
ATL,3,25,2124.31
ATL,3,26,2120.08
ATL,3,27,2096.77
ATL,3,28,2104.92
ATL,3,29,2105.23
ATL,3,30,2114.62
ATL,3,31,2077.77
ATL,4,1,2121.00
ATL,4,2,2108.00
ATL,4,3,2096.54
ATL,4,4,2104.15
ATL,4,5,2100.08
ATL,4,6,2113.46
ATL,4,7,2080.38
ATL,4,8,2099.62
ATL,4,9,2097.23
ATL,4,10,2091.46
ATL,4,11,2105.46
ATL,4,12,2091.38
ATL,4,13,2112.92
ATL,4,14,2089.46
ATL,4,15,2118.08
ATL,4,16,2101.38
ATL,4,17,2083.00
ATL,4,18,2104.54
ATL,4,19,2089.77
ATL,4,20,2113.54
ATL,4,21,2085.08
ATL,4,22,2121.31
ATL,4,23,2101.54
ATL,4,24,2081.46
ATL,4,25,2101.62
ATL,4,26,2089.23
ATL,4,27,2111.38
ATL,4,28,2083.23
ATL,4,29,2119.15
ATL,4,30,2096.92
ATL,5,1,2086.85
ATL,5,2,2103.77
ATL,5,3,2091.23
ATL,5,4,2111.31
ATL,5,5,2082.92
ATL,5,6,2106.77
ATL,5,7,2104.23
ATL,5,8,2093.85
ATL,5,9,2108.92
ATL,5,10,2096.69
ATL,5,11,2111.38
ATL,5,12,2077.15
ATL,5,13,2106.00
ATL,5,14,2107.08
ATL,5,15,2095.46
ATL,5,16,2110.77
ATL,5,17,2100.08
ATL,5,18,2119.08
ATL,5,19,2087.23
ATL,5,20,2109.54
ATL,5,21,2109.54
ATL,5,22,2093.23
ATL,5,23,2103.62
ATL,5,24,2047.62
ATL,5,25,2053.77
ATL,5,26,2014.77
ATL,5,27,2024.62
ATL,5,28,2077.23
ATL,5,29,2060.92
ATL,5,30,2064.92
ATL,5,31,2095.00
ATL,6,1,2132.54
ATL,6,2,2100.54
ATL,6,3,2128.54
ATL,6,4,2129.85
ATL,6,5,2121.92
ATL,6,6,2139.23
ATL,6,7,2153.23
ATL,6,8,2166.77
ATL,6,9,2154.62
ATL,6,10,2187.46
ATL,6,11,2178.69
ATL,6,12,2182.38
ATL,6,13,2188.08
ATL,6,14,2178.62
ATL,6,15,2192.54
ATL,6,16,2167.69
ATL,6,17,2195.15
ATL,6,18,2183.08
ATL,6,19,2185.77
ATL,6,20,2190.54
ATL,6,21,2181.54
ATL,6,22,2193.62
ATL,6,23,2169.85
ATL,6,24,2192.00
ATL,6,25,2181.92
ATL,6,26,2185.85
ATL,6,27,2189.38
ATL,6,28,2179.69
ATL,6,29,2193.92
ATL,6,30,2162.38
ATL,7,1,2187.92
ATL,7,2,2134.46
ATL,7,3,2044.77
ATL,7,4,1805.46
ATL,7,5,2048.23
ATL,7,6,2181.15
ATL,7,7,2178.38
ATL,7,8,2197.92
ATL,7,9,2187.23
ATL,7,10,2190.15
ATL,7,11,2198.00
ATL,7,12,2188.85
ATL,7,13,2202.54
ATL,7,14,2171.15
ATL,7,15,2198.31
ATL,7,16,2184.92
ATL,7,17,2187.23
ATL,7,18,2195.08
ATL,7,19,2184.85
ATL,7,20,2199.92
ATL,7,21,2166.54
ATL,7,22,2194.85
ATL,7,23,2183.69
ATL,7,24,2183.62
ATL,7,25,2193.54
ATL,7,26,2183.46
ATL,7,27,2197.08
ATL,7,28,2165.92
ATL,7,29,2192.62
ATL,7,30,2180.62
ATL,7,31,2182.92
ATL,8,1,2206.62
ATL,8,2,2193.69
ATL,8,3,2208.31
ATL,8,4,2175.15
ATL,8,5,2202.08
ATL,8,6,2189.15
ATL,8,7,2192.23
ATL,8,8,2199.85
ATL,8,9,2189.62
ATL,8,10,2202.46
ATL,8,11,2171.92
ATL,8,12,2196.54
ATL,8,13,2180.92
ATL,8,14,2177.08
ATL,8,15,2183.62
ATL,8,16,2166.23
ATL,8,17,2180.54
ATL,8,18,2134.08
ATL,8,19,2164.85
ATL,8,20,2139.31
ATL,8,21,2122.77
ATL,8,22,2136.77
ATL,8,23,2142.15
ATL,8,24,2155.46
ATL,8,25,2109.46
ATL,8,26,2155.00
ATL,8,27,2133.85
ATL,8,28,2119.85
ATL,8,29,2129.00
ATL,8,30,2117.54
ATL,8,31,2050.54
ATL,9,1,1965.15
ATL,9,2,2007.92
ATL,9,3,2044.62
ATL,9,4,2026.00
ATL,9,5,2032.62
ATL,9,6,2040.54
ATL,9,7,2084.54
ATL,9,8,2060.15
ATL,9,9,2098.00
ATL,9,10,2061.85
ATL,9,11,2047.54
ATL,9,12,2078.77
ATL,9,13,2075.38
ATL,9,14,2086.46
ATL,9,15,2056.54
ATL,9,16,2098.54
ATL,9,17,2078.46
ATL,9,18,2076.31
ATL,9,19,2082.85
ATL,9,20,2070.62
ATL,9,21,2078.92
ATL,9,22,2046.69
ATL,9,23,2088.92
ATL,9,24,2069.77
ATL,9,25,2062.92
ATL,9,26,2072.23
ATL,9,27,2054.92
ATL,9,28,2066.08
ATL,9,29,2037.69
ATL,9,30,2079.38
ATL,10,1,2075.54
ATL,10,2,2075.85
ATL,10,3,2082.69
ATL,10,4,2068.31
ATL,10,5,2083.77
ATL,10,6,2060.69
ATL,10,7,2101.69
ATL,10,8,2087.54
ATL,10,9,2077.85
ATL,10,10,2090.77
ATL,10,11,2076.38
ATL,10,12,2083.31
ATL,10,13,2057.62
ATL,10,14,2100.62
ATL,10,15,2086.77
ATL,10,16,2080.00
ATL,10,17,2089.46
ATL,10,18,2075.62
ATL,10,19,2082.92
ATL,10,20,2059.69
ATL,10,21,2099.31
ATL,10,22,2086.08
ATL,10,23,2078.62
ATL,10,24,2090.00
ATL,10,25,2077.46
ATL,10,26,2085.23
ATL,10,27,2056.38
ATL,10,28,2098.69
ATL,10,29,2083.62
ATL,10,30,2076.08
ATL,10,31,2020.31
ATL,11,1,2073.85
ATL,11,2,2079.46
ATL,11,3,2054.92
ATL,11,4,2097.08
ATL,11,5,2084.23
ATL,11,6,2072.38
ATL,11,7,2089.15
ATL,11,8,2068.69
ATL,11,9,2073.31
ATL,11,10,2055.31
ATL,11,11,2094.15
ATL,11,12,2077.92
ATL,11,13,2075.69
ATL,11,14,2082.46
ATL,11,15,2065.85
ATL,11,16,2073.00
ATL,11,17,2061.08
ATL,11,18,2102.85
ATL,11,19,2052.46
ATL,11,20,2072.69
ATL,11,21,2093.85
ATL,11,22,1930.69
ATL,11,23,1900.69
ATL,11,24,1942.54
ATL,11,25,1954.08
ATL,11,26,1973.15
ATL,11,27,1953.62
ATL,11,28,1934.62
ATL,11,29,2002.69
ATL,11,30,2105.23
ATL,12,1,2057.08
ATL,12,2,2081.69
ATL,12,3,2037.31
ATL,12,4,2040.54
ATL,12,5,2050.85
ATL,12,6,2038.46
ATL,12,7,2028.54
ATL,12,8,2020.00
ATL,12,9,2062.92
ATL,12,10,2029.69
ATL,12,11,2035.15
ATL,12,12,2048.46
ATL,12,13,2038.00
ATL,12,14,2025.00
ATL,12,15,2008.69
ATL,12,16,2051.62
ATL,12,17,2014.46
ATL,12,18,2023.54
ATL,12,19,2050.31
ATL,12,20,2049.54
ATL,12,21,2054.62
ATL,12,22,2021.92
ATL,12,23,2019.31
ATL,12,24,1669.23
ATL,12,25,1546.38
ATL,12,26,2035.62
ATL,12,27,2051.08
ATL,12,28,2049.15
ATL,12,29,2007.54
ATL,12,30,2021.69
ATL,12,31,1703.08
ORD,1,1,1691.15
ORD,1,2,1856.69
ORD,1,3,1851.85
ORD,1,4,1851.23
ORD,1,5,1809.31
ORD,1,6,1808.15
ORD,1,7,1807.69
ORD,1,8,1802.31
ORD,1,9,1831.69
ORD,1,10,1807.85
ORD,1,11,1819.31
ORD,1,12,1777.54
ORD,1,13,1787.23
ORD,1,14,1794.31
ORD,1,15,1793.31
ORD,1,16,1830.08
ORD,1,17,1806.46
ORD,1,18,1817.31
ORD,1,19,1775.69
ORD,1,20,1781.31
ORD,1,21,1793.08
ORD,1,22,1793.31
ORD,1,23,1831.23
ORD,1,24,1805.77
ORD,1,25,1818.15
ORD,1,26,1775.08
ORD,1,27,1786.31
ORD,1,28,1794.85
ORD,1,29,1795.08
ORD,1,30,1831.23
ORD,1,31,1806.85
ORD,2,1,1825.69
ORD,2,2,1777.00
ORD,2,3,1796.00
ORD,2,4,1801.31
ORD,2,5,1798.92
ORD,2,6,1836.92
ORD,2,7,1814.15
ORD,2,8,1826.85
ORD,2,9,1779.08
ORD,2,10,1800.54
ORD,2,11,1811.31
ORD,2,12,1811.92
ORD,2,13,1856.00
ORD,2,14,1839.46
ORD,2,15,1852.15
ORD,2,16,1818.62
ORD,2,17,1839.62
ORD,2,18,1841.77
ORD,2,19,1840.15
ORD,2,20,1878.46
ORD,2,21,1871.62
ORD,2,22,1877.69
ORD,2,23,1830.23
ORD,2,24,1850.08
ORD,2,25,1854.77
ORD,2,26,1857.38
ORD,2,27,1890.15
ORD,2,28,1866.54
ORD,2,29,1942.67
ORD,3,1,1860.38
ORD,3,2,1855.77
ORD,3,3,1829.08
ORD,3,4,1868.77
ORD,3,5,1871.77
ORD,3,6,1869.69
ORD,3,7,1887.38
ORD,3,8,1866.85
ORD,3,9,1857.62
ORD,3,10,1832.15
ORD,3,11,1876.54
ORD,3,12,1876.46
ORD,3,13,1869.77
ORD,3,14,1888.92
ORD,3,15,1868.77
ORD,3,16,1858.62
ORD,3,17,1833.46
ORD,3,18,1877.23
ORD,3,19,1879.77
ORD,3,20,1871.31
ORD,3,21,1889.54
ORD,3,22,1869.92
ORD,3,23,1860.92
ORD,3,24,1834.62
ORD,3,25,1876.92
ORD,3,26,1877.00
ORD,3,27,1868.00
ORD,3,28,1888.08
ORD,3,29,1860.85
ORD,3,30,1855.31
ORD,3,31,1831.00
ORD,4,1,1879.08
ORD,4,2,1883.15
ORD,4,3,1881.38
ORD,4,4,1898.69
ORD,4,5,1876.92
ORD,4,6,1863.92
ORD,4,7,1844.62
ORD,4,8,1891.77
ORD,4,9,1889.31
ORD,4,10,1881.92
ORD,4,11,1904.46
ORD,4,12,1885.31
ORD,4,13,1861.38
ORD,4,14,1840.23
ORD,4,15,1887.00
ORD,4,16,1888.46
ORD,4,17,1883.85
ORD,4,18,1905.85
ORD,4,19,1881.31
ORD,4,20,1866.38
ORD,4,21,1848.54
ORD,4,22,1895.69
ORD,4,23,1889.62
ORD,4,24,1885.77
ORD,4,25,1907.85
ORD,4,26,1886.08
ORD,4,27,1868.77
ORD,4,28,1846.92
ORD,4,29,1899.31
ORD,4,30,1891.23
ORD,5,1,1884.92
ORD,5,2,1912.08
ORD,5,3,1895.23
ORD,5,4,1872.15
ORD,5,5,1851.23
ORD,5,6,1904.92
ORD,5,7,1895.77
ORD,5,8,1885.46
ORD,5,9,1912.92
ORD,5,10,1895.08
ORD,5,11,1871.31
ORD,5,12,1850.31
ORD,5,13,1904.92
ORD,5,14,1896.85
ORD,5,15,1886.31
ORD,5,16,1914.54
ORD,5,17,1896.62
ORD,5,18,1873.85
ORD,5,19,1852.23
ORD,5,20,1907.31
ORD,5,21,1896.85
ORD,5,22,1887.62
ORD,5,23,1912.08
ORD,5,24,1867.00
ORD,5,25,1822.15
ORD,5,26,1773.15
ORD,5,27,1810.46
ORD,5,28,1851.15
ORD,5,29,1840.77
ORD,5,30,1868.23
ORD,5,31,1887.85
ORD,6,1,1874.15
ORD,6,2,1853.77
ORD,6,3,1902.62
ORD,6,4,1893.38
ORD,6,5,1889.62
ORD,6,6,1920.69
ORD,6,7,1914.08
ORD,6,8,1901.54
ORD,6,9,1903.00
ORD,6,10,1946.08
ORD,6,11,1936.69
ORD,6,12,1943.54
ORD,6,13,1960.77
ORD,6,14,1940.31
ORD,6,15,1932.77
ORD,6,16,1925.69
ORD,6,17,1962.38
ORD,6,18,1948.92
ORD,6,19,1947.31
ORD,6,20,1964.00
ORD,6,21,1943.85
ORD,6,22,1934.54
ORD,6,23,1925.46
ORD,6,24,1961.62
ORD,6,25,1948.46
ORD,6,26,1946.92
ORD,6,27,1963.85
ORD,6,28,1944.92
ORD,6,29,1935.15
ORD,6,30,1924.08
ORD,7,1,1955.38
ORD,7,2,1909.77
ORD,7,3,1810.92
ORD,7,4,1558.00
ORD,7,5,1824.31
ORD,7,6,1904.85
ORD,7,7,1925.15
ORD,7,8,1959.08
ORD,7,9,1925.62
ORD,7,10,1946.15
ORD,7,11,1963.54
ORD,7,12,1942.62
ORD,7,13,1929.85
ORD,7,14,1922.00
ORD,7,15,1959.08
ORD,7,16,1945.92
ORD,7,17,1944.92
ORD,7,18,1963.38
ORD,7,19,1943.46
ORD,7,20,1928.62
ORD,7,21,1921.46
ORD,7,22,1958.08
ORD,7,23,1944.00
ORD,7,24,1943.92
ORD,7,25,1962.15
ORD,7,26,1942.00
ORD,7,27,1927.92
ORD,7,28,1921.08
ORD,7,29,1958.23
ORD,7,30,1944.46
ORD,7,31,1943.92
ORD,8,1,1957.31
ORD,8,2,1937.08
ORD,8,3,1926.62
ORD,8,4,1922.23
ORD,8,5,1959.08
ORD,8,6,1945.62
ORD,8,7,1944.62
ORD,8,8,1963.31
ORD,8,9,1941.85
ORD,8,10,1929.62
ORD,8,11,1922.54
ORD,8,12,1959.00
ORD,8,13,1943.46
ORD,8,14,1943.54
ORD,8,15,1960.31
ORD,8,16,1939.15
ORD,8,17,1923.08
ORD,8,18,1910.62
ORD,8,19,1947.92
ORD,8,20,1934.62
ORD,8,21,1932.92
ORD,8,22,1955.77
ORD,8,23,1919.77
ORD,8,24,1905.31
ORD,8,25,1892.08
ORD,8,26,1938.31
ORD,8,27,1916.69
ORD,8,28,1910.54
ORD,8,29,1940.15
ORD,8,30,1876.77
ORD,8,31,1805.08
ORD,9,1,1759.69
ORD,9,2,1791.54
ORD,9,3,1833.08
ORD,9,4,1823.69
ORD,9,5,1845.23
ORD,9,6,1846.62
ORD,9,7,1859.69
ORD,9,8,1840.00
ORD,9,9,1897.15
ORD,9,10,1871.38
ORD,9,11,1834.00
ORD,9,12,1910.69
ORD,9,13,1878.00
ORD,9,14,1855.46
ORD,9,15,1837.08
ORD,9,16,1892.15
ORD,9,17,1876.54
ORD,9,18,1874.23
ORD,9,19,1906.46
ORD,9,20,1870.62
ORD,9,21,1853.62
ORD,9,22,1836.08
ORD,9,23,1883.08
ORD,9,24,1858.62
ORD,9,25,1855.62
ORD,9,26,1888.38
ORD,9,27,1850.62
ORD,9,28,1835.62
ORD,9,29,1823.85
ORD,9,30,1866.54
ORD,10,1,1851.00
ORD,10,2,1847.92
ORD,10,3,1881.08
ORD,10,4,1854.00
ORD,10,5,1836.92
ORD,10,6,1826.77
ORD,10,7,1875.08
ORD,10,8,1858.31
ORD,10,9,1852.46
ORD,10,10,1886.69
ORD,10,11,1852.54
ORD,10,12,1832.69
ORD,10,13,1822.85
ORD,10,14,1872.46
ORD,10,15,1854.00
ORD,10,16,1849.62
ORD,10,17,1884.31
ORD,10,18,1850.31
ORD,10,19,1832.77
ORD,10,20,1822.46
ORD,10,21,1872.00
ORD,10,22,1854.77
ORD,10,23,1851.00
ORD,10,24,1884.38
ORD,10,25,1846.77
ORD,10,26,1831.00
ORD,10,27,1819.23
ORD,10,28,1867.00
ORD,10,29,1849.00
ORD,10,30,1828.85
ORD,10,31,1814.54
ORD,11,1,1830.69
ORD,11,2,1815.23
ORD,11,3,1803.08
ORD,11,4,1844.85
ORD,11,5,1824.08
ORD,11,6,1818.77
ORD,11,7,1852.92
ORD,11,8,1822.00
ORD,11,9,1802.15
ORD,11,10,1787.08
ORD,11,11,1841.85
ORD,11,12,1819.77
ORD,11,13,1818.77
ORD,11,14,1852.46
ORD,11,15,1815.77
ORD,11,16,1798.54
ORD,11,17,1783.31
ORD,11,18,1826.15
ORD,11,19,1788.38
ORD,11,20,1799.54
ORD,11,21,1812.92
ORD,11,22,1655.85
ORD,11,23,1632.92
ORD,11,24,1685.46
ORD,11,25,1677.00
ORD,11,26,1737.62
ORD,11,27,1697.62
ORD,11,28,1656.23
ORD,11,29,1725.85
ORD,11,30,1813.54
ORD,12,1,1782.00
ORD,12,2,1808.31
ORD,12,3,1785.23
ORD,12,4,1773.62
ORD,12,5,1803.69
ORD,12,6,1774.08
ORD,12,7,1758.31
ORD,12,8,1749.08
ORD,12,9,1793.92
ORD,12,10,1778.92
ORD,12,11,1773.00
ORD,12,12,1804.92
ORD,12,13,1772.62
ORD,12,14,1759.08
ORD,12,15,1758.85
ORD,12,16,1797.77
ORD,12,17,1792.31
ORD,12,18,1778.77
ORD,12,19,1806.92
ORD,12,20,1802.77
ORD,12,21,1786.08
ORD,12,22,1766.38
ORD,12,23,1792.62
ORD,12,24,1487.23
ORD,12,25,1484.77
ORD,12,26,1793.23
ORD,12,27,1792.31
ORD,12,28,1768.15
ORD,12,29,1743.54
ORD,12,30,1771.85
ORD,12,31,1533.15
SEA,1,1,536.00
SEA,1,2,565.08
SEA,1,3,551.31
SEA,1,4,541.38
SEA,1,5,530.54
SEA,1,6,526.85
SEA,1,7,523.23
SEA,1,8,517.62
SEA,1,9,517.69
SEA,1,10,512.00
SEA,1,11,513.92
SEA,1,12,508.31
SEA,1,13,509.77
SEA,1,14,512.31
SEA,1,15,510.31
SEA,1,16,512.15
SEA,1,17,509.08
SEA,1,18,510.92
SEA,1,19,506.85
SEA,1,20,506.38
SEA,1,21,510.92
SEA,1,22,511.08
SEA,1,23,511.54
SEA,1,24,509.23
SEA,1,25,510.46
SEA,1,26,506.69
SEA,1,27,508.00
SEA,1,28,510.69
SEA,1,29,511.00
SEA,1,30,511.38
SEA,1,31,509.23
SEA,2,1,510.85
SEA,2,2,507.46
SEA,2,3,509.38
SEA,2,4,512.08
SEA,2,5,510.85
SEA,2,6,513.15
SEA,2,7,510.38
SEA,2,8,513.00
SEA,2,9,508.69
SEA,2,10,512.31
SEA,2,11,517.00
SEA,2,12,517.77
SEA,2,13,521.85
SEA,2,14,521.46
SEA,2,15,525.54
SEA,2,16,522.77
SEA,2,17,523.77
SEA,2,18,528.31
SEA,2,19,526.92
SEA,2,20,530.31
SEA,2,21,527.00
SEA,2,22,528.77
SEA,2,23,523.08
SEA,2,24,523.38
SEA,2,25,527.54
SEA,2,26,527.62
SEA,2,27,530.08
SEA,2,28,525.23
SEA,2,29,534.33
SEA,3,1,528.23
SEA,3,2,527.85
SEA,3,3,523.00
SEA,3,4,533.31
SEA,3,5,531.54
SEA,3,6,527.00
SEA,3,7,532.92
SEA,3,8,532.08
SEA,3,9,529.15
SEA,3,10,526.54
SEA,3,11,537.15
SEA,3,12,535.92
SEA,3,13,533.08
SEA,3,14,538.54
SEA,3,15,537.69
SEA,3,16,534.62
SEA,3,17,531.38
SEA,3,18,540.31
SEA,3,19,539.31
SEA,3,20,535.92
SEA,3,21,539.69
SEA,3,22,537.92
SEA,3,23,535.00
SEA,3,24,530.92
SEA,3,25,540.08
SEA,3,26,538.38
SEA,3,27,535.85
SEA,3,28,540.00
SEA,3,29,537.08
SEA,3,30,534.08
SEA,3,31,530.69
SEA,4,1,540.38
SEA,4,2,541.85
SEA,4,3,539.54
SEA,4,4,543.15
SEA,4,5,541.77
SEA,4,6,538.54
SEA,4,7,536.77
SEA,4,8,545.77
SEA,4,9,546.15
SEA,4,10,544.23
SEA,4,11,547.08
SEA,4,12,546.15
SEA,4,13,543.23
SEA,4,14,539.54
SEA,4,15,547.69
SEA,4,16,548.31
SEA,4,17,544.77
SEA,4,18,548.69
SEA,4,19,546.92
SEA,4,20,544.85
SEA,4,21,540.46
SEA,4,22,548.62
SEA,4,23,548.15
SEA,4,24,544.69
SEA,4,25,549.38
SEA,4,26,547.85
SEA,4,27,550.08
SEA,4,28,547.00
SEA,4,29,558.08
SEA,4,30,557.31
SEA,5,1,562.23
SEA,5,2,567.62
SEA,5,3,565.92
SEA,5,4,563.54
SEA,5,5,563.69
SEA,5,6,572.54
SEA,5,7,571.23
SEA,5,8,569.15
SEA,5,9,575.31
SEA,5,10,571.38
SEA,5,11,568.77
SEA,5,12,567.85
SEA,5,13,576.62
SEA,5,14,576.62
SEA,5,15,576.15
SEA,5,16,580.77
SEA,5,17,578.46
SEA,5,18,576.23
SEA,5,19,575.23
SEA,5,20,582.85
SEA,5,21,582.85
SEA,5,22,582.23
SEA,5,23,585.62
SEA,5,24,578.31
SEA,5,25,575.23
SEA,5,26,568.92
SEA,5,27,578.08
SEA,5,28,583.15
SEA,5,29,579.00
SEA,5,30,583.23
SEA,5,31,584.85
SEA,6,1,584.92
SEA,6,2,586.62
SEA,6,3,598.23
SEA,6,4,600.92
SEA,6,5,606.08
SEA,6,6,614.92
SEA,6,7,619.46
SEA,6,8,624.77
SEA,6,9,630.69
SEA,6,10,643.38
SEA,6,11,646.15
SEA,6,12,645.85
SEA,6,13,649.46
SEA,6,14,647.08
SEA,6,15,647.62
SEA,6,16,645.31
SEA,6,17,651.00
SEA,6,18,651.54
SEA,6,19,650.15
SEA,6,20,652.15
SEA,6,21,649.31
SEA,6,22,648.77
SEA,6,23,646.08
SEA,6,24,651.08
SEA,6,25,652.00
SEA,6,26,650.23
SEA,6,27,652.08
SEA,6,28,649.85
SEA,6,29,648.92
SEA,6,30,645.92
SEA,7,1,653.23
SEA,7,2,652.77
SEA,7,3,639.08
SEA,7,4,598.38
SEA,7,5,641.00
SEA,7,6,651.54
SEA,7,7,650.85
SEA,7,8,656.85
SEA,7,9,654.31
SEA,7,10,655.31
SEA,7,11,657.54
SEA,7,12,654.46
SEA,7,13,653.15
SEA,7,14,651.38
SEA,7,15,657.38
SEA,7,16,656.77
SEA,7,17,655.46
SEA,7,18,657.85
SEA,7,19,654.62
SEA,7,20,653.38
SEA,7,21,651.38
SEA,7,22,656.85
SEA,7,23,655.62
SEA,7,24,654.69
SEA,7,25,656.92
SEA,7,26,653.62
SEA,7,27,652.69
SEA,7,28,650.08
SEA,7,29,656.85
SEA,7,30,656.00
SEA,7,31,655.15
SEA,8,1,657.46
SEA,8,2,654.46
SEA,8,3,654.23
SEA,8,4,651.46
SEA,8,5,657.31
SEA,8,6,656.38
SEA,8,7,655.62
SEA,8,8,657.77
SEA,8,9,654.77
SEA,8,10,653.62
SEA,8,11,650.38
SEA,8,12,655.23
SEA,8,13,654.62
SEA,8,14,652.31
SEA,8,15,653.54
SEA,8,16,649.15
SEA,8,17,648.00
SEA,8,18,644.69
SEA,8,19,648.15
SEA,8,20,646.08
SEA,8,21,641.54
SEA,8,22,642.23
SEA,8,23,636.00
SEA,8,24,637.08
SEA,8,25,629.92
SEA,8,26,636.62
SEA,8,27,633.77
SEA,8,28,629.08
SEA,8,29,630.31
SEA,8,30,625.85
SEA,8,31,613.85
SEA,9,1,606.62
SEA,9,2,614.38
SEA,9,3,612.92
SEA,9,4,607.62
SEA,9,5,605.62
SEA,9,6,601.77
SEA,9,7,599.38
SEA,9,8,590.69
SEA,9,9,595.00
SEA,9,10,589.00
SEA,9,11,581.23
SEA,9,12,587.38
SEA,9,13,583.31
SEA,9,14,585.31
SEA,9,15,580.92
SEA,9,16,589.15
SEA,9,17,583.85
SEA,9,18,582.31
SEA,9,19,585.77
SEA,9,20,578.69
SEA,9,21,580.85
SEA,9,22,577.23
SEA,9,23,583.62
SEA,9,24,571.62
SEA,9,25,570.62
SEA,9,26,574.77
SEA,9,27,569.15
SEA,9,28,570.00
SEA,9,29,566.46
SEA,9,30,571.62
SEA,10,1,562.00
SEA,10,2,558.31
SEA,10,3,562.00
SEA,10,4,555.77
SEA,10,5,555.69
SEA,10,6,555.54
SEA,10,7,563.85
SEA,10,8,559.69
SEA,10,9,557.46
SEA,10,10,562.00
SEA,10,11,554.54
SEA,10,12,555.85
SEA,10,13,555.54
SEA,10,14,563.85
SEA,10,15,559.00
SEA,10,16,557.77
SEA,10,17,561.77
SEA,10,18,554.77
SEA,10,19,556.23
SEA,10,20,554.85
SEA,10,21,563.38
SEA,10,22,558.77
SEA,10,23,557.00
SEA,10,24,561.54
SEA,10,25,554.62
SEA,10,26,553.08
SEA,10,27,550.15
SEA,10,28,557.15
SEA,10,29,551.69
SEA,10,30,548.15
SEA,10,31,537.46
SEA,11,1,537.31
SEA,11,2,533.85
SEA,11,3,532.69
SEA,11,4,542.62
SEA,11,5,537.31
SEA,11,6,535.15
SEA,11,7,539.85
SEA,11,8,531.23
SEA,11,9,526.15
SEA,11,10,525.31
SEA,11,11,534.15
SEA,11,12,532.00
SEA,11,13,532.08
SEA,11,14,535.46
SEA,11,15,528.92
SEA,11,16,526.46
SEA,11,17,525.08
SEA,11,18,534.92
SEA,11,19,533.23
SEA,11,20,536.54
SEA,11,21,538.92
SEA,11,22,512.46
SEA,11,23,513.31
SEA,11,24,512.62
SEA,11,25,515.69
SEA,11,26,530.15
SEA,11,27,521.62
SEA,11,28,517.31
SEA,11,29,528.69
SEA,11,30,538.38
SEA,12,1,524.92
SEA,12,2,529.23
SEA,12,3,524.77
SEA,12,4,522.08
SEA,12,5,526.31
SEA,12,6,520.23
SEA,12,7,518.15
SEA,12,8,516.92
SEA,12,9,526.54
SEA,12,10,523.00
SEA,12,11,522.15
SEA,12,12,526.46
SEA,12,13,520.77
SEA,12,14,522.15
SEA,12,15,528.23
SEA,12,16,539.23
SEA,12,17,544.46
SEA,12,18,546.00
SEA,12,19,558.85
SEA,12,20,556.54
SEA,12,21,557.85
SEA,12,22,554.31
SEA,12,23,556.46
SEA,12,24,509.85
SEA,12,25,504.08
SEA,12,26,563.69
SEA,12,27,558.92
SEA,12,28,556.31
SEA,12,29,550.62
SEA,12,30,554.23
SEA,12,31,519.31
STL,1,1,371.62
STL,1,2,441.46
STL,1,3,439.69
STL,1,4,435.54
STL,1,5,421.38
STL,1,6,419.62
STL,1,7,430.08
STL,1,8,427.23
STL,1,9,434.08
STL,1,10,432.69
STL,1,11,427.00
STL,1,12,413.54
STL,1,13,416.77
STL,1,14,426.46
STL,1,15,425.23
STL,1,16,432.69
STL,1,17,430.85
STL,1,18,424.92
STL,1,19,413.31
STL,1,20,414.31
STL,1,21,425.92
STL,1,22,425.69
STL,1,23,432.77
STL,1,24,431.85
STL,1,25,424.31
STL,1,26,412.92
STL,1,27,415.77
STL,1,28,426.08
STL,1,29,425.85
STL,1,30,432.54
STL,1,31,430.54
STL,2,1,424.23
STL,2,2,412.69
STL,2,3,413.77
STL,2,4,426.69
STL,2,5,425.23
STL,2,6,432.00
STL,2,7,431.00
STL,2,8,424.08
STL,2,9,411.92
STL,2,10,415.15
STL,2,11,427.38
STL,2,12,426.77
STL,2,13,435.08
STL,2,14,430.69
STL,2,15,423.00
STL,2,16,417.31
STL,2,17,417.08
STL,2,18,428.00
STL,2,19,427.23
STL,2,20,434.85
STL,2,21,434.38
STL,2,22,426.85
STL,2,23,417.54
STL,2,24,418.54
STL,2,25,428.85
STL,2,26,430.85
STL,2,27,437.38
STL,2,28,434.62
STL,2,29,334.67
STL,3,1,419.54
STL,3,2,422.62
STL,3,3,416.15
STL,3,4,434.54
STL,3,5,434.69
STL,3,6,431.08
STL,3,7,439.62
STL,3,8,423.38
STL,3,9,426.62
STL,3,10,420.92
STL,3,11,438.46
STL,3,12,438.54
STL,3,13,434.92
STL,3,14,443.31
STL,3,15,425.92
STL,3,16,428.77
STL,3,17,423.46
STL,3,18,439.92
STL,3,19,439.54
STL,3,20,436.31
STL,3,21,443.23
STL,3,22,426.08
STL,3,23,429.23
STL,3,24,423.38
STL,3,25,439.23
STL,3,26,439.08
STL,3,27,436.38
STL,3,28,443.15
STL,3,29,425.92
STL,3,30,427.85
STL,3,31,422.15
STL,4,1,438.23
STL,4,2,438.08
STL,4,3,435.69
STL,4,4,440.54
STL,4,5,423.69
STL,4,6,423.54
STL,4,7,418.85
STL,4,8,437.15
STL,4,9,435.00
STL,4,10,434.08
STL,4,11,439.00
STL,4,12,424.31
STL,4,13,424.62
STL,4,14,420.77
STL,4,15,437.92
STL,4,16,435.77
STL,4,17,434.31
STL,4,18,439.92
STL,4,19,423.92
STL,4,20,422.85
STL,4,21,420.92
STL,4,22,437.62
STL,4,23,435.85
STL,4,24,434.08
STL,4,25,439.54
STL,4,26,424.69
STL,4,27,423.08
STL,4,28,420.92
STL,4,29,437.77
STL,4,30,434.46
STL,5,1,436.23
STL,5,2,442.77
STL,5,3,428.77
STL,5,4,428.62
STL,5,5,427.46
STL,5,6,442.23
STL,5,7,440.00
STL,5,8,439.54
STL,5,9,446.31
STL,5,10,432.69
STL,5,11,431.23
STL,5,12,429.69
STL,5,13,444.92
STL,5,14,443.08
STL,5,15,441.62
STL,5,16,446.46
STL,5,17,432.85
STL,5,18,431.38
STL,5,19,429.85
STL,5,20,444.92
STL,5,21,443.54
STL,5,22,442.08
STL,5,23,446.31
STL,5,24,427.77
STL,5,25,417.31
STL,5,26,400.69
STL,5,27,416.77
STL,5,28,429.00
STL,5,29,430.77
STL,5,30,433.31
STL,5,31,428.77
STL,6,1,432.46
STL,6,2,431.00
STL,6,3,446.23
STL,6,4,443.92
STL,6,5,443.00
STL,6,6,447.92
STL,6,7,435.15
STL,6,8,434.46
STL,6,9,435.69
STL,6,10,447.46
STL,6,11,448.00
STL,6,12,445.15
STL,6,13,449.54
STL,6,14,440.08
STL,6,15,439.62
STL,6,16,439.23
STL,6,17,449.69
STL,6,18,449.46
STL,6,19,446.46
STL,6,20,450.46
STL,6,21,442.08
STL,6,22,440.69
STL,6,23,439.08
STL,6,24,449.54
STL,6,25,449.38
STL,6,26,445.92
STL,6,27,450.85
STL,6,28,441.69
STL,6,29,441.15
STL,6,30,438.31
STL,7,1,449.54
STL,7,2,438.08
STL,7,3,419.15
STL,7,4,375.77
STL,7,5,423.00
STL,7,6,438.15
STL,7,7,439.46
STL,7,8,450.38
STL,7,9,451.00
STL,7,10,448.15
STL,7,11,453.38
STL,7,12,443.31
STL,7,13,442.31
STL,7,14,439.77
STL,7,15,451.38
STL,7,16,450.92
STL,7,17,447.85
STL,7,18,452.85
STL,7,19,443.46
STL,7,20,442.08
STL,7,21,439.92
STL,7,22,451.85
STL,7,23,451.31
STL,7,24,448.38
STL,7,25,452.31
STL,7,26,443.31
STL,7,27,442.31
STL,7,28,439.77
STL,7,29,451.77
STL,7,30,451.46
STL,7,31,448.08
STL,8,1,448.38
STL,8,2,439.85
STL,8,3,441.62
STL,8,4,436.08
STL,8,5,448.23
STL,8,6,448.54
STL,8,7,445.08
STL,8,8,449.92
STL,8,9,440.38
STL,8,10,441.31
STL,8,11,435.15
STL,8,12,446.69
STL,8,13,447.23
STL,8,14,441.54
STL,8,15,446.62
STL,8,16,436.31
STL,8,17,437.85
STL,8,18,430.08
STL,8,19,443.69
STL,8,20,442.46
STL,8,21,438.08
STL,8,22,442.77
STL,8,23,432.92
STL,8,24,433.77
STL,8,25,425.85
STL,8,26,439.77
STL,8,27,437.85
STL,8,28,434.92
STL,8,29,440.85
STL,8,30,428.54
STL,8,31,397.15
STL,9,1,389.54
STL,9,2,402.85
STL,9,3,417.23
STL,9,4,416.46
STL,9,5,419.31
STL,9,6,407.92
STL,9,7,418.31
STL,9,8,417.69
STL,9,9,428.08
STL,9,10,420.69
STL,9,11,395.77
STL,9,12,428.38
STL,9,13,415.69
STL,9,14,418.69
STL,9,15,412.92
STL,9,16,424.38
STL,9,17,425.54
STL,9,18,421.00
STL,9,19,428.77
STL,9,20,412.38
STL,9,21,416.31
STL,9,22,412.46
STL,9,23,423.69
STL,9,24,424.00
STL,9,25,420.23
STL,9,26,427.23
STL,9,27,412.23
STL,9,28,415.08
STL,9,29,412.23
STL,9,30,424.15
STL,10,1,423.46
STL,10,2,421.38
STL,10,3,427.77
STL,10,4,412.31
STL,10,5,416.69
STL,10,6,412.46
STL,10,7,424.62
STL,10,8,424.85
STL,10,9,421.46
STL,10,10,428.23
STL,10,11,412.15
STL,10,12,416.15
STL,10,13,412.00
STL,10,14,425.08
STL,10,15,424.46
STL,10,16,422.23
STL,10,17,428.08
STL,10,18,412.54
STL,10,19,416.38
STL,10,20,411.85
STL,10,21,424.62
STL,10,22,424.62
STL,10,23,421.69
STL,10,24,428.08
STL,10,25,411.62
STL,10,26,417.00
STL,10,27,411.62
STL,10,28,422.62
STL,10,29,422.15
STL,10,30,420.69
STL,10,31,413.92
STL,11,1,392.23
STL,11,2,388.15
STL,11,3,379.08
STL,11,4,392.77
STL,11,5,391.69
STL,11,6,387.54
STL,11,7,397.31
STL,11,8,393.54
STL,11,9,386.77
STL,11,10,378.38
STL,11,11,392.23
STL,11,12,390.62
STL,11,13,387.92
STL,11,14,397.31
STL,11,15,394.00
STL,11,16,387.69
STL,11,17,378.77
STL,11,18,390.77
STL,11,19,389.54
STL,11,20,386.77
STL,11,21,396.46
STL,11,22,352.15
STL,11,23,343.54
STL,11,24,348.77
STL,11,25,359.69
STL,11,26,370.62
STL,11,27,369.46
STL,11,28,358.62
STL,11,29,374.31
STL,11,30,394.54
STL,12,1,368.92
STL,12,2,387.54
STL,12,3,384.38
STL,12,4,380.46
STL,12,5,390.15
STL,12,6,385.92
STL,12,7,379.77
STL,12,8,371.08
STL,12,9,386.23
STL,12,10,384.08
STL,12,11,380.23
STL,12,12,390.23
STL,12,13,386.31
STL,12,14,379.62
STL,12,15,366.69
STL,12,16,382.85
STL,12,17,382.62
STL,12,18,379.31
STL,12,19,386.23
STL,12,20,384.62
STL,12,21,381.23
STL,12,22,373.15
STL,12,23,379.46
STL,12,24,309.54
STL,12,25,308.23
STL,12,26,389.62
STL,12,27,388.31
STL,12,28,380.38
STL,12,29,368.38
STL,12,30,377.54
STL,12,31,315.31
