1988-01-01,10.700,0.900
1988-01-02,21.900,0.500
1988-01-03,37.200,0.600
1988-01-04,42.400,3.000
1988-01-05,34.100,1.400
1988-01-06,27.800,6.700
1988-01-07,22.000,22.200
1988-01-08,27.400,17.800
1988-01-09,28.900,5.500
1988-01-10,24.700,2.700
1988-01-11,14.300,2.000
1988-01-12,17.200,1.800
1988-01-13,16.700,1.600
1988-01-14,11.000,0.700
1988-01-15,10.000,1.000
1988-01-16,9.300,1.000
1988-01-17,20.600,2.000
1988-01-18,36.800,13.700
1988-01-19,31.000,5.300
1988-01-20,25.700,4.600
1988-01-21,17.800,1.800
1988-01-22,10.300,0.800
1988-01-23,10.800,0.700
1988-01-24,8.400,0.700
1988-01-25,22.700,4.500
1988-01-26,12.800,2.100
1988-01-27,9.200,0.700
1988-01-28,7.400,0.600
1988-01-29,8.800,0.700
1988-01-30,8.000,1.100
1988-01-31,13.500,0.700
1988-02-01,21.000,2.100
1988-02-02,20.600,1.700
1988-02-03,26.300,2.700
1988-02-04,23.000,4.500
1988-02-05,27.600,1.700
1988-02-06,11.800,1.700
1988-02-07,10.000,0.500
1988-02-08,10.800,1.200
1988-02-09,9.600,0.800
1988-02-10,25.900,3.600
1988-02-11,30.200,9.000
1988-02-12,38.900,5.800
1988-02-13,20.200,1.000
1988-02-14,9.900,0.700
1988-02-15,15.000,0.700
1988-02-16,13.300,0.900
1988-02-17,9.000,0.700
1988-02-18,14.500,0.700
1988-02-19,25.700,0.800
1988-02-20,16.100,1.000
1988-02-21,14.200,0.700
1988-02-22,15.000,1.200
1988-02-23,9.000,0.800
1988-02-24,8.800,0.800
1988-02-25,9.300,0.700
1988-02-26,7.400,0.500
1988-02-27,8.400,1.000
1988-02-28,7.600,1.100
1988-02-29,6.600,1.300
1988-03-01,6.200,1.300
1988-03-02,13.500,1.200
1988-03-03,16.300,1.000
1988-03-04,28.500,1.400
1988-03-05,11.900,0.800
1988-03-06,9.900,0.500
1988-03-07,10.300,1.000
1988-03-08,9.300,0.700
1988-03-09,9.400,0.700
1988-03-10,17.300,0.800
1988-03-11,15.700,1.100
1988-03-12,14.600,0.500
1988-03-13,15.100,0.300
1988-03-14,11.600,0.300
1988-03-15,7.000,0.300
1988-03-16,9.200,0.600
1988-03-17,15.300,0.400
1988-03-18,14.500,0.200
1988-03-19,10.500,0.200
1988-03-20,12.300,0.300
1988-03-21,6.100,0.300
1988-03-22,6.900,0.300
1988-03-23,9.000,0.300
1988-03-24,21.300,0.800
1988-03-25,21.100,0.900
1988-03-26,16.200,0.300
1988-03-27,10.400,0.400
1988-03-28,16.600,0.700
1988-03-29,16.500,0.500
1988-03-30,11.700,0.400
1988-03-31,20.700,1.500
1988-04-01,14.200,0.500
1988-04-02,15.200,2.400
1988-04-03,12.500,0.400
1988-04-04,11.900,0.200
1988-04-05,8.700,0.300
1988-04-06,18.100,1.400
1988-04-07,16.200,0.400
1988-04-08,8.700,0.200
1988-04-09,8.300,0.200
1988-04-10,9.900,0.200
1988-04-11,11.600,0.400
1988-04-12,7.500,0.200
1988-04-13,6.800,0.200
1988-04-14,9.800,0.400
1988-04-15,11.700,0.400
1988-04-16,10.000,0.400
1988-04-17,17.900,0.900
1988-04-18,12.100,0.700
1988-04-19,13.400,0.600
1988-04-20,10.400,0.400
1988-04-21,11.300,0.400
1988-04-22,14.000,0.500
1988-04-23,14.500,1.600
1988-04-24,10.500,0.300
1988-04-25,9.400,0.400
1988-04-26,6.800,0.500
1988-04-27,11.500,0.400
1988-04-28,8.700,0.300
1988-04-29,9.700,0.200
1988-04-30,6.000,0.400
1988-05-01,9.500,0.300
1988-05-02,10.000,0.800
1988-05-03,5.300,0.100
1988-05-04,7.900,0.200
1988-05-05,12.300,0.300
1988-05-06,15.600,0.500
1988-05-07,7.300,0.300
1988-05-08,11.200,1.200
1988-05-09,15.300,1.600
1988-05-10,10.500,0.400
1988-05-11,10.700,0.400
1988-05-12,7.500,0.200
1988-05-13,7.600,0.200
1988-05-14,6.600,0.300
1988-05-15,12.200,0.400
1988-05-16,21.400,1.200
1988-05-17,18.400,1.000
1988-05-18,17.000,0.600
1988-05-19,22.700,0.600
1988-05-20,22.500,0.300
1988-05-21,8.800,0.300
1988-05-22,14.500,0.300
1988-05-23,18.100,1.000
1988-05-24,20.200,1.500
1988-05-25,15.000,0.500
1988-05-26,10.100,0.100
1988-05-27,9.200,0.000
1988-05-28,6.000,0.200
1988-05-29,3.600,0.900
1988-05-30,6.300,0.700
1988-05-31,9.500,0.500
1988-06-01,11.100,0.800
1988-06-02,17.200,0.900
1988-06-03,9.600,0.200
1988-06-04,6.800,0.200
1988-06-05,8.400,0.100
1988-06-06,8.100,0.200
1988-06-07,7.500,0.100
1988-06-08,9.000,0.300
1988-06-09,19.300,0.200
1988-06-10,11.100,0.100
1988-06-11,7.200,0.100
1988-06-12,5.500,0.000
1988-06-13,7.100,0.100
1988-06-14,7.200,0.200
1988-06-15,10.500,0.100
1988-06-16,14.400,0.100
1988-06-17,10.600,0.100
1988-06-18,8.000,0.200
1988-06-19,8.700,0.200
1988-06-20,10.800,0.400
1988-06-21,7.400,0.300
1988-06-22,13.200,0.300
1988-06-23,12.200,0.100
1988-06-24,8.200,0.100
1988-06-25,9.500,0.300
1988-06-26,13.100,0.200
1988-06-27,7.500,0.300
1988-06-28,11.600,0.200
1988-06-29,12.000,0.300
1988-06-30,18.100,0.200
1988-07-01,12.100,0.100
1988-07-02,8.500,0.200
1988-07-03,4.100,0.200
1988-07-04,4.300,0.300
1988-07-05,10.800,0.100
1988-07-06,7.200,0.200
1988-07-07,8.400,0.200
1988-07-08,8.400,0.300
1988-07-09,8.600,0.300
1988-07-10,9.900,0.400
1988-07-11,13.600,0.200
1988-07-12,20.500,0.400
1988-07-13,9.600,0.300
1988-07-14,21.000,0.500
1988-07-15,10.500,0.200
1988-07-16,12.500,0.500
1988-07-17,16.000,0.900
1988-07-18,16.300,0.700
1988-07-19,16.400,0.300
1988-07-20,20.500,1.000
1988-07-21,19.000,1.300
1988-07-22,13.100,0.800
1988-07-23,11.200,0.200
1988-07-24,10.100,0.600
1988-07-25,9.000,0.300
1988-07-26,16.500,4.000
1988-07-27,22.600,1.600
1988-07-28,20.000,0.700
1988-07-29,11.200,0.300
1988-07-30,11.800,0.300
1988-07-31,9.500,0.200
1988-08-01,18.100,0.600
1988-08-02,14.400,0.800
1988-08-03,14.100,0.600
1988-08-04,14.000,0.200
1988-08-05,19.100,1.900
1988-08-06,13.600,0.600
1988-08-07,10.100,0.200
1988-08-08,8.700,1.000
1988-08-09,10.800,0.900
1988-08-10,14.700,0.900
1988-08-11,14.900,0.300
1988-08-12,13.900,0.400
1988-08-13,12.800,0.100
1988-08-14,11.500,0.100
1988-08-15,14.200,0.300
1988-08-16,9.100,0.200
1988-08-17,12.700,0.500
1988-08-18,14.200,1.900
1988-08-19,14.900,0.700
1988-08-20,15.500,0.600
1988-08-21,8.100,0.100
1988-08-22,8.200,0.100
1988-08-23,10.100,0.300
1988-08-24,10.700,0.200
1988-08-25,8.300,0.300
1988-08-26,7.700,0.200
1988-08-27,8.000,0.200
1988-08-28,6.500,0.200
1988-08-29,13.300,0.600
1988-08-30,5.600,0.400
1988-08-31,6.600,0.200
1988-09-01,7.400,0.200
1988-09-02,9.200,0.300
1988-09-03,7.100,0.100
1988-09-04,6.800,0.400
1988-09-05,5.600,0.100
1988-09-06,6.100,0.100
1988-09-07,4.100,0.100
1988-09-08,4.300,0.100
1988-09-09,7.500,0.400
1988-09-10,4.600,0.500
1988-09-11,5.300,0.100
1988-09-12,13.900,0.700
1988-09-13,8.400,0.200
1988-09-14,7.100,0.100
1988-09-15,7.600,0.500
1988-09-16,8.800,1.500
1988-09-17,6.300,1.300
1988-09-18,12.800,0.300
1988-09-19,18.100,1.300
1988-09-20,7.500,0.300
1988-09-21,4.400,0.100
1988-09-22,11.800,0.400
1988-09-23,9.700,0.200
1988-09-24,4.700,0.200
1988-09-25,6.700,0.200
1988-09-26,5.800,0.500
1988-09-27,7.200,0.400
1988-09-28,7.500,0.200
1988-09-29,14.100,1.100
1988-09-30,15.500,0.900
1988-10-01,11.900,0.500
1988-10-02,10.800,0.100
1988-10-03,7.500,0.200
1988-10-04,9.500,0.300
1988-10-05,8.300,0.200
1988-10-06,9.600,0.100
1988-10-07,12.500,0.100
1988-10-08,7.200,0.700
1988-10-09,6.500,0.200
1988-10-10,8.100,0.800
1988-10-11,12.100,0.700
1988-10-12,8.600,0.200
1988-10-13,10.900,0.100
1988-10-14,13.600,0.300
1988-10-15,5.700,0.000
1988-10-16,9.700,0.100
1988-10-17,12.100,3.400
1988-10-18,10.300,0.900
1988-10-19,9.100,0.100
1988-10-20,16.400,1.100
1988-10-21,22.500,0.400
1988-10-22,7.500,0.800
1988-10-23,12.600,0.300
1988-10-24,8.700,0.400
1988-10-25,8.000,0.400
1988-10-26,10.900,0.600
1988-10-27,14.900,0.500
1988-10-28,19.800,0.600
1988-10-29,5.900,0.200
1988-10-30,6.900,0.100
1988-10-31,7.200,0.200
1988-11-01,14.000,0.600
1988-11-02,10.600,0.400
1988-11-03,9.800,0.300
1988-11-04,27.300,3.400
1988-11-05,19.800,2.500
1988-11-06,13.500,0.500
1988-11-07,4.500,0.200
1988-11-08,7.200,0.200
1988-11-09,14.000,0.800
1988-11-10,19.000,0.400
1988-11-11,6.700,0.200
1988-11-12,9.000,0.900
1988-11-13,17.000,0.400
1988-11-14,7.500,0.300
1988-11-15,22.300,2.800
1988-11-16,22.000,1.900
1988-11-17,15.400,0.500
1988-11-18,16.400,0.200
1988-11-19,18.100,1.000
1988-11-20,25.300,1.800
1988-11-21,12.500,0.900
1988-11-22,17.600,0.200
1988-11-23,13.600,0.200
1988-11-24,5.600,0.300
1988-11-25,5.900,0.600
1988-11-26,7.900,0.700
1988-11-27,22.900,0.100
1988-11-28,24.900,0.200
1988-11-29,10.300,0.200
1988-11-30,10.600,1.000
1988-12-01,8.000,0.800
1988-12-02,5.500,0.500
1988-12-03,5.400,1.500
1988-12-04,5.500,0.400
1988-12-05,3.600,0.200
1988-12-06,4.100,0.300
1988-12-07,12.500,0.800
1988-12-08,14.100,0.400
1988-12-09,10.400,0.500
1988-12-10,9.100,0.500
1988-12-11,10.200,0.400
1988-12-12,7.500,0.400
1988-12-13,14.000,1.000
1988-12-14,13.700,0.600
1988-12-15,20.800,0.900
1988-12-16,17.200,0.200
1988-12-17,15.800,2.000
1988-12-18,8.100,0.500
1988-12-19,10.600,0.400
1988-12-20,19.600,0.500
1988-12-21,30.200,0.500
1988-12-22,40.500,0.600
1988-12-23,34.500,1.300
1988-12-24,27.300,2.100
1988-12-25,6.800,0.700
1988-12-26,24.700,5.200
1988-12-27,33.700,3.800
1988-12-28,35.200,1.900
1988-12-29,16.900,0.700
1988-12-30,18.800,0.600
1988-12-31,13.700,1.100
1989-01-01,22.700,2.800
1989-01-02,27.700,2.300
1989-01-03,37.200,2.300
1989-01-04,21.200,1.000
1989-01-05,17.300,0.900
1989-01-06,26.900,8.100
1989-01-07,20.000,4.300
1989-01-08,25.500,3.700
1989-01-09,15.100,0.600
1989-01-10,11.900,0.600
1989-01-11,22.500,1.900
1989-01-12,24.600,1.500
1989-01-13,13.500,0.500
1989-01-14,14.600,0.900
1989-01-15,11.100,1.000
1989-01-16,4.900,0.200
1989-01-17,7.300,0.300
1989-01-18,6.900,0.300
1989-01-19,9.000,0.500
1989-01-20,17.400,1.700
1989-01-21,7.100,0.500
1989-01-22,7.800,0.700
1989-01-23,5.500,0.500
1989-01-24,9.800,0.700
1989-01-25,17.900,2.900
1989-01-26,17.700,1.400
1989-01-27,8.600,0.400
1989-01-28,15.400,3.600
1989-01-29,12.900,0.800
1989-01-30,5.500,0.700
1989-01-31,6.500,0.600
1989-02-01,17.500,2.100
1989-02-02,25.900,2.100
1989-02-03,34.300,5.200
1989-02-04,24.600,6.400
1989-02-05,25.800,7.100
1989-02-06,17.900,6.100
1989-02-07,11.100,1.100
1989-02-08,13.000,0.800
1989-02-09,17.800,0.700
1989-02-10,11.900,0.300
1989-02-11,10.600,1.600
1989-02-12,11.900,0.600
1989-02-13,16.200,2.000
1989-02-14,12.200,0.400
1989-02-15,28.000,1.300
1989-02-16,17.000,0.400
1989-02-17,25.800,0.600
1989-02-18,22.900,5.200
1989-02-19,13.600,1.400
1989-02-20,23.200,1.800
1989-02-21,25.900,2.200
1989-02-22,16.300,0.200
1989-02-23,15.000,0.600
1989-02-24,12.600,4.100
1989-02-25,9.600,0.800
1989-02-26,15.600,0.300
1989-02-27,15.800,0.500
1989-02-28,20.700,1.100
1989-03-01,17.400,1.100
1989-03-02,27.400,1.900
1989-03-03,33.900,3.400
1989-03-04,24.800,16.300
1989-03-05,30.400,12.600
1989-03-06,30.600,15.500
1989-03-07,26.000,8.300
1989-03-08,20.200,9.100
1989-03-09,17.000,7.700
1989-03-10,13.700,6.800
1989-03-11,9.300,7.200
1989-03-12,11.800,7.000
1989-03-13,9.500,6.700
1989-03-14,14.400,8.200
1989-03-15,15.100,7.000
1989-03-16,12.600,6.300
1989-03-17,20.800,7.100
1989-03-18,25.200,8.100
1989-03-19,14.600,6.600
1989-03-20,20.700,6.800
1989-03-21,23.400,0.800
1989-03-22,10.100,0.200
1989-03-23,15.700,0.100
1989-03-24,20.000,0.400
1989-03-25,13.200,0.500
1989-03-26,9.900,0.400
1989-03-27,9.700,0.200
1989-03-28,23.700,0.600
1989-03-29,13.200,0.400
1989-03-30,23.600,0.700
1989-03-31,25.100,1.600
1989-04-01,13.300,0.600
1989-04-02,20.500,0.700
1989-04-03,17.700,2.000
1989-04-04,26.200,2.900
1989-04-05,14.100,0.300
1989-04-06,10.400,0.400
1989-04-07,10.400,0.200
1989-04-08,10.400,0.700
1989-04-09,15.800,0.600
1989-04-10,7.000,0.300
1989-04-11,5.800,0.300
1989-04-12,6.600,0.100
1989-04-13,11.000,0.100
1989-04-14,11.300,0.200
1989-04-15,12.500,0.300
1989-04-16,11.300,0.500
1989-04-17,7.900,0.200
1989-04-18,6.500,0.300
1989-04-19,7.100,0.300
1989-04-20,7.000,0.400
1989-04-21,7.300,0.200
1989-04-22,5.500,0.200
1989-04-23,8.400,0.200
1989-04-24,7.700,0.300
1989-04-25,9.300,0.300
1989-04-26,6.800,0.100
1989-04-27,8.200,0.100
1989-04-28,13.900,0.500
1989-04-29,8.900,0.300
1989-04-30,11.800,0.400
1989-05-01,15.000,0.400
1989-05-02,12.000,0.500
1989-05-03,14.300,1.500
1989-05-04,16.500,0.700
1989-05-05,18.100,0.200
1989-05-06,13.900,0.600
1989-05-07,7.900,0.400
1989-05-08,7.000,0.100
1989-05-09,12.800,0.200
1989-05-10,16.900,0.600
1989-05-11,15.100,0.600
1989-05-12,11.200,0.700
1989-05-13,7.500,0.300
1989-05-14,8.800,0.300
1989-05-15,15.700,0.600
1989-05-16,19.100,2.300
1989-05-17,17.200,1.200
1989-05-18,15.200,0.700
1989-05-19,17.300,0.800
1989-05-20,10.600,0.500
1989-05-21,8.600,0.200
1989-05-22,7.400,0.200
1989-05-23,11.300,0.400
1989-05-24,18.300,0.700
1989-05-25,19.900,0.300
1989-05-26,14.900,0.200
1989-05-27,9.000,0.200
1989-05-28,4.400,0.200
1989-05-29,6.500,0.200
1989-05-30,11.300,0.100
1989-05-31,12.300,1.400
1989-06-01,22.200,2.200
1989-06-02,13.200,0.600
1989-06-03,17.500,1.300
1989-06-04,14.100,0.400
1989-06-05,10.400,0.300
1989-06-06,13.900,0.400
1989-06-07,29.700,1.700
1989-06-08,18.500,0.500
1989-06-09,22.300,0.700
1989-06-10,11.900,0.500
1989-06-11,10.000,0.200
1989-06-12,24.700,1.100
1989-06-13,26.200,1.600
1989-06-14,27.100,1.700
1989-06-15,27.700,1.200
1989-06-16,26.200,0.800
1989-06-17,11.100,0.500
1989-06-18,10.400,0.200
1989-06-19,13.000,0.500
1989-06-20,20.600,0.600
1989-06-21,25.200,0.700
1989-06-22,29.300,2.200
1989-06-23,26.500,1.400
1989-06-24,14.400,0.900
1989-06-25,12.900,0.200
1989-06-26,18.400,1.500
1989-06-27,21.100,1.200
1989-06-28,23.800,0.400
1989-06-29,19.000,0.200
1989-06-30,19.700,0.200
1989-07-01,17.000,0.300
1989-07-02,7.700,0.500
1989-07-03,4.800,0.200
1989-07-04,7.200,0.000
1989-07-05,20.500,0.400
1989-07-06,21.000,1.300
1989-07-07,14.700,0.400
1989-07-08,10.700,0.600
1989-07-09,11.000,0.200
1989-07-10,11.900,0.600
1989-07-11,16.900,2.300
1989-07-12,17.500,1.100
1989-07-13,12.300,0.300
1989-07-14,12.600,0.100
1989-07-15,8.600,0.300
1989-07-16,15.800,0.300
1989-07-17,10.200,0.400
1989-07-18,15.500,0.800
1989-07-19,22.500,0.600
1989-07-20,29.600,0.500
1989-07-21,25.700,0.500
1989-07-22,12.100,0.300
1989-07-23,17.100,0.200
1989-07-24,10.300,0.200
1989-07-25,18.100,0.900
1989-07-26,25.500,1.200
1989-07-27,27.800,2.600
1989-07-28,16.200,1.300
1989-07-29,11.500,0.700
1989-07-30,13.200,0.500
1989-07-31,14.800,0.700
1989-08-01,14.300,2.400
1989-08-02,16.500,0.800
1989-08-03,12.700,0.800
1989-08-04,19.200,0.800
1989-08-05,17.700,0.600
1989-08-06,20.800,0.400
1989-08-07,14.800,0.400
1989-08-08,14.500,0.200
1989-08-09,15.500,0.300
1989-08-10,19.100,0.300
1989-08-11,26.500,0.600
1989-08-12,19.900,0.500
1989-08-13,18.900,0.300
1989-08-14,21.500,0.800
1989-08-15,23.800,1.200
1989-08-16,21.100,0.300
1989-08-17,25.700,0.200
1989-08-18,17.900,0.100
1989-08-19,15.700,0.100
1989-08-20,20.000,0.200
1989-08-21,18.800,0.400
1989-08-22,19.400,1.300
1989-08-23,18.600,0.400
1989-08-24,15.300,0.400
1989-08-25,11.500,0.200
1989-08-26,11.700,0.300
1989-08-27,11.900,0.300
1989-08-28,16.200,1.300
1989-08-29,15.800,0.600
1989-08-30,10.100,0.300
1989-08-31,16.700,1.100
1989-09-01,23.000,1.600
1989-09-02,7.600,0.400
1989-09-03,3.300,0.300
1989-09-04,5.100,0.100
1989-09-05,6.600,0.200
1989-09-06,15.400,0.700
1989-09-07,10.200,0.700
1989-09-08,14.000,0.400
1989-09-09,9.900,0.400
1989-09-10,9.500,0.300
1989-09-11,18.200,0.600
1989-09-12,13.300,0.100
1989-09-13,21.400,0.400
1989-09-14,18.000,0.500
1989-09-15,14.700,0.400
1989-09-16,11.400,0.400
1989-09-17,12.400,0.800
1989-09-18,9.300,1.500
1989-09-19,16.100,1.300
1989-09-20,20.100,2.300
1989-09-21,21.300,3.400
1989-09-22,16.800,8.500
1989-09-23,14.400,4.700
1989-09-24,13.500,2.100
1989-09-25,8.800,0.800
1989-09-26,11.700,0.800
1989-09-27,6.900,0.600
1989-09-28,9.600,0.500
1989-09-29,11.000,0.400
1989-09-30,13.200,0.700
1989-10-01,18.000,1.000
1989-10-02,12.900,1.000
1989-10-03,10.700,0.600
1989-10-04,9.700,0.400
1989-10-05,10.500,0.600
1989-10-06,13.600,0.400
1989-10-07,10.300,0.600
1989-10-08,9.200,0.500
1989-10-09,5.600,0.600
1989-10-10,7.900,0.300
1989-10-11,7.800,0.400
1989-10-12,8.200,0.400
1989-10-13,8.200,0.400
1989-10-14,9.000,0.500
1989-10-15,16.300,1.000
1989-10-16,18.500,1.200
1989-10-17,23.600,2.900
1989-10-18,32.700,3.400
1989-10-19,36.700,2.000
1989-10-20,34.700,2.300
1989-10-21,14.100,0.900
1989-10-22,16.100,0.300
1989-10-23,8.200,0.600
1989-10-24,9.700,0.500
1989-10-25,7.300,0.300
1989-10-26,7.300,0.300
1989-10-27,8.100,0.300
1989-10-28,9.400,1.600
1989-10-29,11.900,1.000
1989-10-30,9.900,1.500
1989-10-31,15.400,0.700
1989-11-01,9.600,0.400
1989-11-02,10.300,0.300
1989-11-03,16.700,0.600
1989-11-04,9.500,0.500
1989-11-05,11.500,0.300
1989-11-06,6.100,0.400
1989-11-07,24.500,2.500
1989-11-08,21.800,1.200
1989-11-09,16.600,0.600
1989-11-10,8.900,0.200
1989-11-11,8.200,0.800
1989-11-12,12.000,0.400
1989-11-13,7.400,0.400
1989-11-14,12.300,0.400
1989-11-15,28.400,1.500
1989-11-16,27.300,3.700
1989-11-17,14.400,0.200
1989-11-18,10.400,0.400
1989-11-19,6.600,0.400
1989-11-20,8.400,0.600
1989-11-21,23.300,1.900
1989-11-22,35.900,1.100
1989-11-23,22.700,1.700
1989-11-24,3.200,0.300
1989-11-25,7.400,0.200
1989-11-26,14.800,0.300
1989-11-27,27.600,1.000
1989-11-28,23.900,0.800
1989-11-29,7.200,0.200
1989-11-30,6.100,0.200
1989-12-01,6.900,0.200
1989-12-02,6.800,0.400
1989-12-03,10.300,0.500
1989-12-04,7.800,0.100
1989-12-05,6.900,0.900
1989-12-06,10.400,1.200
1989-12-07,14.500,0.400
1989-12-08,25.100,5.200
1989-12-09,12.900,7.000
1989-12-10,14.400,3.000
1989-12-11,15.000,1.200
1989-12-12,20.000,1.100
1989-12-13,13.600,0.600
1989-12-14,14.300,0.900
1989-12-15,28.100,3.000
1989-12-16,27.100,2.700
1989-12-17,11.800,1.400
1989-12-18,15.600,2.000
1989-12-19,32.900,2.400
1989-12-20,36.000,1.200
1989-12-21,53.300,1.200
1989-12-22,50.200,1.500
1989-12-23,44.100,3.000
1989-12-24,18.500,3.200
1989-12-25,12.600,2.300
1989-12-26,28.400,1.400
1989-12-27,34.800,1.100
1989-12-28,22.700,0.700
1989-12-29,19.300,1.900
1989-12-30,37.300,7.500
1989-12-31,32.600,8.200
1990-01-01,27.500,2.400
1990-01-02,23.600,0.500
1990-01-03,21.800,0.600
1990-01-04,22.200,0.700
1990-01-05,12.700,0.900
1990-01-06,11.300,0.700
1990-01-07,11.600,0.500
1990-01-08,12.800,1.700
1990-01-09,21.100,3.100
1990-01-10,13.000,1.600
1990-01-11,16.200,1.600
1990-01-12,17.100,0.700
1990-01-13,7.500,0.500
1990-01-14,5.200,0.300
1990-01-15,7.600,0.400
1990-01-16,14.000,8.500
1990-01-17,22.800,2.700
1990-01-18,21.200,2.100
1990-01-19,26.400,2.900
1990-01-20,20.400,2.600
1990-01-21,14.700,2.300
1990-01-22,8.800,0.700
1990-01-23,5.900,0.400
1990-01-24,9.000,0.400
1990-01-25,28.500,7.000
1990-01-26,15.200,1.100
1990-01-27,6.700,0.200
1990-01-28,4.900,0.200
1990-01-29,14.900,1.700
1990-01-30,8.400,1.000
1990-01-31,10.600,0.900
1990-02-01,18.300,1.100
1990-02-02,41.500,4.100
1990-02-03,21.600,2.300
1990-02-04,15.600,1.700
1990-02-05,5.300,0.500
1990-02-06,5.500,0.600
1990-02-07,8.200,0.900
1990-02-08,9.200,0.300
1990-02-09,22.200,0.900
1990-02-10,18.400,1.400
1990-02-11,6.300,0.200
1990-02-12,6.500,0.400
1990-02-13,11.800,0.700
1990-02-14,18.600,6.400
1990-02-15,43.700,7.500
1990-02-16,49.000,5.300
1990-02-17,23.600,2.000
1990-02-18,10.500,0.500
1990-02-19,11.000,0.600
1990-02-20,11.100,0.600
1990-02-21,13.400,0.400
1990-02-22,34.500,2.200
1990-02-23,27.200,2.700
1990-02-24,28.200,6.600
1990-02-25,21.100,1.700
1990-02-26,11.100,0.700
1990-02-27,10.400,0.500
1990-02-28,14.000,0.800
1990-03-01,10.400,0.300
1990-03-02,20.200,0.500
1990-03-03,10.900,0.600
1990-03-04,8.500,0.200
1990-03-05,10.900,0.900
1990-03-06,20.400,4.900
1990-03-07,17.900,1.400
1990-03-08,24.100,1.000
1990-03-09,19.600,1.800
1990-03-10,27.600,4.900
1990-03-11,25.300,5.700
1990-03-12,14.200,1.900
1990-03-13,13.000,2.500
1990-03-14,21.700,1.900
1990-03-15,20.900,1.000
1990-03-16,19.900,1.000
1990-03-17,19.300,0.600
1990-03-18,13.800,0.100
1990-03-19,7.700,0.200
1990-03-20,9.800,0.600
1990-03-21,9.200,0.200
1990-03-22,8.700,0.300
1990-03-23,15.900,0.800
1990-03-24,17.200,2.000
1990-03-25,10.700,0.100
1990-03-26,6.800,0.200
1990-03-27,5.100,0.200
1990-03-28,11.600,0.600
1990-03-29,26.800,0.600
1990-03-30,34.400,1.300
1990-03-31,16.700,1.100
1990-04-01,16.400,0.400
1990-04-02,14.100,0.800
1990-04-03,12.700,0.500
1990-04-04,7.100,0.200
1990-04-05,12.200,0.500
1990-04-06,14.200,0.400
1990-04-07,11.200,0.400
1990-04-08,7.100,0.300
1990-04-09,5.800,0.100
1990-04-10,18.400,0.900
1990-04-11,9.200,0.400
1990-04-12,7.400,0.100
1990-04-13,5.100,0.100
1990-04-14,4.800,0.400
1990-04-15,6.800,0.300
1990-04-16,11.700,0.400
1990-04-17,10.600,0.400
1990-04-18,7.300,0.200
1990-04-19,10.100,0.200
1990-04-20,15.500,0.200
1990-04-21,8.400,0.400
1990-04-22,12.000,0.600
1990-04-23,7.000,0.200
1990-04-24,6.700,0.200
1990-04-25,11.900,0.500
1990-04-26,15.700,0.900
1990-04-27,10.900,0.200
1990-04-28,10.500,1.100
1990-04-29,14.600,0.500
1990-04-30,10.100,0.500
1990-05-01,10.300,0.500
1990-05-02,9.500,1.000
1990-05-03,13.800,1.200
1990-05-04,17.200,0.500
1990-05-05,8.000,0.300
1990-05-06,5.000,0.100
1990-05-07,3.300,0.100
1990-05-08,5.400,0.100
1990-05-09,10.200,0.600
1990-05-10,22.000,1.300
1990-05-11,16.600,0.600
1990-05-12,8.300,0.400
1990-05-13,7.600,0.200
1990-05-14,7.500,0.700
1990-05-15,14.100,1.000
1990-05-16,16.800,1.000
1990-05-17,23.400,2.200
1990-05-18,15.400,0.500
1990-05-19,7.800,0.200
1990-05-20,12.700,0.200
1990-05-21,9.300,0.200
1990-05-22,6.400,0.400
1990-05-23,4.900,0.200
1990-05-24,8.300,0.100
1990-05-25,14.700,0.200
1990-05-26,6.000,0.300
1990-05-27,7.400,1.000
1990-05-28,9.800,0.200
1990-05-29,14.300,0.500
1990-05-30,6.600,0.200
1990-05-31,8.400,0.300
1990-06-01,14.100,0.900
1990-06-02,8.000,0.400
1990-06-03,16.500,0.500
1990-06-04,5.500,0.200
1990-06-05,7.300,0.300
1990-06-06,14.600,1.500
1990-06-07,12.200,0.400
1990-06-08,15.600,0.900
1990-06-09,8.000,0.400
1990-06-10,7.100,0.200
1990-06-11,5.600,0.200
1990-06-12,6.400,0.200
1990-06-13,6.900,0.100
1990-06-14,18.100,0.400
1990-06-15,13.500,0.400
1990-06-16,8.900,0.400
1990-06-17,5.900,0.100
1990-06-18,17.300,2.600
1990-06-19,16.700,1.700
1990-06-20,9.000,0.400
1990-06-21,12.300,0.200
1990-06-22,20.800,0.500
1990-06-23,12.300,0.400
1990-06-24,14.300,0.300
1990-06-25,7.400,0.200
1990-06-26,12.500,0.600
1990-06-27,18.200,0.700
1990-06-28,18.400,0.500
1990-06-29,22.800,0.700
1990-06-30,11.100,0.300
1990-07-01,13.800,0.900
1990-07-02,8.100,0.600
1990-07-03,5.300,0.300
1990-07-04,3.000,0.300
1990-07-05,11.400,1.500
1990-07-06,4.900,0.500
1990-07-07,6.500,0.200
1990-07-08,8.700,0.200
1990-07-09,14.500,1.500
1990-07-10,10.900,0.500
1990-07-11,15.200,0.500
1990-07-12,20.400,0.800
1990-07-13,15.300,0.400
1990-07-14,12.200,0.500
1990-07-15,14.200,0.900
1990-07-16,6.700,0.400
1990-07-17,8.700,0.200
1990-07-18,13.500,0.800
1990-07-19,18.900,2.000
1990-07-20,20.900,1.400
1990-07-21,11.800,0.500
1990-07-22,17.100,0.500
1990-07-23,17.700,1.500
1990-07-24,11.600,0.300
1990-07-25,9.600,0.300
1990-07-26,11.800,0.300
1990-07-27,10.300,0.400
1990-07-28,6.800,0.300
1990-07-29,9.700,0.300
1990-07-30,10.200,0.600
1990-07-31,12.500,1.100
1990-08-01,15.300,0.400
1990-08-02,13.700,0.300
1990-08-03,15.600,0.500
1990-08-04,19.700,0.500
1990-08-05,13.400,0.300
1990-08-06,14.200,0.700
1990-08-07,9.000,0.700
1990-08-08,12.100,0.600
1990-08-09,16.300,0.300
1990-08-10,17.500,0.500
1990-08-11,13.400,0.500
1990-08-12,14.400,0.500
1990-08-13,13.000,1.400
1990-08-14,14.000,0.700
1990-08-15,13.200,0.500
1990-08-16,16.100,0.400
1990-08-17,16.300,0.300
1990-08-18,10.100,0.300
1990-08-19,16.700,0.600
1990-08-20,21.800,0.900
1990-08-21,17.100,0.500
1990-08-22,10.400,0.300
1990-08-23,19.600,0.600
1990-08-24,21.700,1.000
1990-08-25,12.600,1.300
1990-08-26,7.000,0.200
1990-08-27,9.300,1.100
1990-08-28,9.700,1.400
1990-08-29,10.000,1.100
1990-08-30,9.500,0.500
1990-08-31,10.000,0.200
1990-09-01,6.900,0.700
1990-09-02,3.000,0.300
1990-09-03,5.000,0.200
1990-09-04,5.500,0.100
1990-09-05,8.000,0.400
1990-09-06,9.900,0.700
1990-09-07,14.600,1.600
1990-09-08,7.200,0.300
1990-09-09,9.400,0.200
1990-09-10,12.200,0.700
1990-09-11,8.300,0.500
1990-09-12,8.400,0.300
1990-09-13,20.000,2.500
1990-09-14,24.100,4.100
1990-09-15,7.400,1.200
1990-09-16,8.600,0.300
1990-09-17,6.500,0.200
1990-09-18,7.500,0.300
1990-09-19,7.400,0.200
1990-09-20,8.800,0.300
1990-09-21,15.800,0.500
1990-09-22,7.800,0.400
1990-09-23,6.700,0.200
1990-09-24,3.900,0.300
1990-09-25,3.500,0.300
1990-09-26,5.500,0.300
1990-09-27,12.400,2.100
1990-09-28,10.700,1.300
1990-09-29,9.300,0.700
1990-09-30,7.600,0.300
1990-10-01,4.300,0.300
1990-10-02,5.400,0.300
1990-10-03,9.300,0.400
1990-10-04,17.800,0.300
1990-10-05,10.500,0.400
1990-10-06,4.300,0.300
1990-10-07,9.800,0.200
1990-10-08,15.500,0.900
1990-10-09,12.000,0.900
1990-10-10,16.000,0.700
1990-10-11,18.400,1.300
1990-10-12,17.600,0.700
1990-10-13,9.100,0.700
1990-10-14,13.400,0.700
1990-10-15,7.400,0.500
1990-10-16,4.500,0.200
1990-10-17,13.500,0.400
1990-10-18,20.700,1.200
1990-10-19,14.500,0.600
1990-10-20,6.800,0.400
1990-10-21,10.600,0.200
1990-10-22,13.300,1.000
1990-10-23,10.400,0.900
1990-10-24,6.400,0.300
1990-10-25,9.700,0.200
1990-10-26,11.400,0.700
1990-10-27,6.800,1.000
1990-10-28,7.400,0.700
1990-10-29,5.200,0.400
1990-10-30,4.200,0.600
1990-10-31,6.500,1.100
1990-11-01,8.400,0.400
1990-11-02,10.500,0.600
1990-11-03,5.400,0.500
1990-11-04,7.900,0.200
1990-11-05,9.400,0.400
1990-11-06,12.300,0.600
1990-11-07,7.500,0.200
1990-11-08,12.500,0.400
1990-11-09,17.400,0.200
1990-11-10,13.800,0.800
1990-11-11,9.700,0.500
1990-11-12,8.700,0.500
1990-11-13,7.000,0.400
1990-11-14,7.500,0.400
1990-11-15,6.500,0.100
1990-11-16,11.000,0.500
1990-11-17,7.100,0.100
1990-11-18,5.800,0.300
1990-11-19,6.500,0.300
1990-11-20,11.100,0.300
1990-11-21,11.300,0.100
1990-11-22,10.600,0.800
1990-11-23,3.200,0.600
1990-11-24,3.800,0.100
1990-11-25,14.000,0.200
1990-11-26,13.700,0.400
1990-11-27,23.000,1.700
1990-11-28,12.200,0.400
1990-11-29,5.300,0.300
1990-11-30,6.000,0.200
1990-12-01,3.900,0.400
1990-12-02,11.800,0.600
1990-12-03,20.100,5.000
1990-12-04,12.400,1.300
1990-12-05,9.900,0.400
1990-12-06,5.300,0.200
1990-12-07,11.500,1.100
1990-12-08,5.000,0.400
1990-12-09,5.400,0.300
1990-12-10,6.600,0.300
1990-12-11,4.500,0.600
1990-12-12,6.500,0.700
1990-12-13,12.300,1.000
1990-12-14,15.400,1.100
1990-12-15,22.300,1.900
1990-12-16,10.200,1.200
1990-12-17,19.000,1.500
1990-12-18,24.300,1.300
1990-12-19,27.000,1.300
1990-12-20,43.100,1.700
1990-12-21,57.200,3.900
1990-12-22,62.400,3.400
1990-12-23,37.700,3.900
1990-12-24,12.600,1.100
1990-12-25,9.200,1.000
1990-12-26,25.300,0.900
1990-12-27,39.500,3.900
1990-12-28,52.400,9.000
1990-12-29,43.600,7.200
1990-12-30,41.500,7.100
1990-12-31,13.300,3.000
1991-01-01,9.200,1.300
1991-01-02,30.100,1.300
1991-01-03,30.400,1.300
1991-01-04,26.500,3.400
1991-01-05,35.900,6.000
1991-01-06,28.300,2.100
1991-01-07,24.100,3.600
1991-01-08,22.700,2.300
1991-01-09,38.200,4.600
1991-01-10,33.800,3.400
1991-01-11,33.800,8.800
1991-01-12,15.300,4.000
1991-01-13,11.300,0.500
1991-01-14,9.200,0.700
1991-01-15,16.700,1.700
1991-01-16,22.900,2.700
1991-01-17,11.900,1.500
1991-01-18,15.800,2.000
1991-01-19,8.500,1.200
1991-01-20,8.700,0.900
1991-01-21,11.700,1.400
1991-01-22,5.600,1.000
1991-01-23,7.000,0.600
1991-01-24,10.700,0.800
1991-01-25,9.100,0.900
1991-01-26,9.700,1.900
1991-01-27,8.000,1.400
1991-01-28,9.400,1.700
1991-01-29,12.000,2.200
1991-01-30,17.800,1.400
1991-01-31,10.200,0.700
1991-02-01,7.500,0.400
1991-02-02,11.000,1.300
1991-02-03,10.100,1.200
1991-02-04,8.800,1.100
1991-02-05,10.000,2.700
1991-02-06,23.400,8.200
1991-02-07,18.400,3.800
1991-02-08,14.400,2.600
1991-02-09,10.400,2.700
1991-02-10,7.800,1.300
1991-02-11,4.800,0.600
1991-02-12,5.100,0.400
1991-02-13,10.300,0.400
1991-02-14,24.500,3.800
1991-02-15,22.000,2.000
1991-02-16,11.500,0.500
1991-02-17,9.400,0.400
1991-02-18,15.400,2.200
1991-02-19,15.800,2.700
1991-02-20,8.800,0.400
1991-02-21,9.800,0.300
1991-02-22,12.000,0.500
1991-02-23,8.800,0.400
1991-02-24,11.100,0.200
1991-02-25,6.300,0.300
1991-02-26,8.300,0.900
1991-02-27,10.900,0.700
1991-02-28,16.700,0.900
1991-03-01,19.900,0.800
1991-03-02,19.100,1.200
1991-03-03,20.500,1.200
1991-03-04,13.300,2.200
1991-03-05,8.000,0.800
1991-03-06,7.800,0.400
1991-03-07,8.500,0.400
1991-03-08,9.000,0.200
1991-03-09,6.600,0.400
1991-03-10,11.800,0.300
1991-03-11,6.300,0.300
1991-03-12,13.500,1.700
1991-03-13,19.400,1.900
1991-03-14,14.000,0.800
1991-03-15,13.000,0.400
1991-03-16,14.800,0.400
1991-03-17,15.100,0.400
1991-03-18,10.700,0.700
1991-03-19,8.200,0.900
1991-03-20,9.300,0.400
1991-03-21,11.700,0.600
1991-03-22,17.700,0.800
1991-03-23,18.600,0.600
1991-03-24,12.700,0.600
1991-03-25,8.500,0.700
1991-03-26,11.100,1.200
1991-03-27,21.200,3.200
1991-03-28,20.300,1.200
1991-03-29,17.400,1.100
1991-03-30,6.800,0.600
1991-03-31,8.200,0.600
1991-04-01,8.500,0.400
1991-04-02,5.300,0.200
1991-04-03,4.300,0.300
1991-04-04,8.600,0.400
1991-04-05,8.700,0.800
1991-04-06,7.800,1.000
1991-04-07,10.600,0.500
1991-04-08,10.500,0.500
1991-04-09,14.400,1.300
1991-04-10,9.700,0.600
1991-04-11,13.700,0.600
1991-04-12,14.900,0.500
1991-04-13,15.800,1.300
1991-04-14,15.500,1.100
1991-04-15,13.300,1.100
1991-04-16,5.300,0.300
1991-04-17,11.700,0.600
1991-04-18,12.900,0.300
1991-04-19,14.900,0.400
1991-04-20,9.200,0.600
1991-04-21,16.800,0.300
1991-04-22,7.100,0.300
1991-04-23,9.700,0.700
1991-04-24,11.000,0.400
1991-04-25,11.100,0.500
1991-04-26,7.700,0.100
1991-04-27,7.700,0.400
1991-04-28,16.200,0.800
1991-04-29,11.600,1.100
1991-04-30,12.100,1.500
1991-05-01,10.700,1.400
1991-05-02,11.000,0.400
1991-05-03,15.000,0.500
1991-05-04,13.800,1.200
1991-05-05,12.400,0.300
1991-05-06,12.400,0.700
1991-05-07,4.300,0.300
1991-05-08,7.700,0.500
1991-05-09,7.500,0.100
1991-05-10,9.200,0.200
1991-05-11,5.300,0.200
1991-05-12,7.700,0.200
1991-05-13,9.200,0.500
1991-05-14,13.800,1.400
1991-05-15,10.200,0.400
1991-05-16,17.000,0.600
1991-05-17,24.600,0.900
1991-05-18,10.500,0.700
1991-05-19,10.700,0.100
1991-05-20,5.100,0.100
1991-05-21,4.300,0.100
1991-05-22,9.900,0.600
1991-05-23,15.300,0.300
1991-05-24,16.300,0.700
1991-05-25,7.900,0.300
1991-05-26,2.700,0.200
1991-05-27,5.500,0.200
1991-05-28,8.500,0.200
1991-05-29,9.400,0.500
1991-05-30,12.300,1.200
1991-05-31,16.700,2.200
1991-06-01,12.400,1.400
1991-06-02,12.200,0.600
1991-06-03,8.700,0.500
1991-06-04,5.100,0.300
1991-06-05,9.000,0.500
1991-06-06,7.700,0.200
1991-06-07,8.400,0.200
1991-06-08,4.600,0.300
1991-06-09,6.900,0.200
1991-06-10,7.000,0.300
1991-06-11,6.100,0.400
1991-06-12,9.400,0.900
1991-06-13,10.900,0.300
1991-06-14,8.400,0.100
1991-06-15,10.900,0.800
1991-06-16,15.600,0.600
1991-06-17,7.600,0.300
1991-06-18,11.700,0.400
1991-06-19,12.400,0.400
1991-06-20,8.300,0.200
1991-06-21,11.300,0.100
1991-06-22,12.900,0.300
1991-06-23,10.900,0.100
1991-06-24,10.000,0.300
1991-06-25,8.700,0.400
1991-06-26,8.500,0.200
1991-06-27,8.900,0.200
1991-06-28,12.000,0.200
1991-06-29,7.700,0.100
1991-06-30,10.700,0.200
1991-07-01,8.400,0.400
1991-07-02,11.700,0.500
1991-07-03,15.200,0.100
1991-07-04,5.300,0.100
1991-07-05,5.500,0.300
1991-07-06,5.200,0.200
1991-07-07,23.100,0.600
1991-07-08,17.900,0.500
1991-07-09,8.800,0.500
1991-07-10,6.400,0.300
1991-07-11,5.700,0.100
1991-07-12,7.600,0.200
1991-07-13,10.100,0.200
1991-07-14,7.600,0.100
1991-07-15,5.800,0.300
1991-07-16,6.500,0.300
1991-07-17,7.300,0.300
1991-07-18,7.300,0.200
1991-07-19,10.500,0.200
1991-07-20,5.800,0.300
1991-07-21,12.500,0.300
1991-07-22,11.400,0.600
1991-07-23,16.000,2.300
1991-07-24,13.800,0.700
1991-07-25,14.200,0.600
1991-07-26,19.300,1.600
1991-07-27,12.100,0.900
1991-07-28,8.200,0.100
1991-07-29,8.900,0.200
1991-07-30,7.700,0.300
1991-07-31,8.100,0.200
1991-08-01,12.200,0.300
1991-08-02,10.700,0.200
1991-08-03,10.800,0.200
1991-08-04,10.000,0.100
1991-08-05,9.100,0.200
1991-08-06,7.200,0.300
1991-08-07,8.000,0.200
1991-08-08,19.000,1.000
1991-08-09,19.200,0.400
1991-08-10,9.000,0.000
1991-08-11,7.400,0.000
1991-08-12,12.000,0.100
1991-08-13,8.800,0.200
1991-08-14,11.700,0.100
1991-08-15,14.200,0.200
1991-08-16,10.300,0.200
1991-08-17,11.300,0.200
1991-08-18,14.100,0.100
1991-08-19,14.600,4.300
1991-08-20,19.300,2.400
1991-08-21,10.900,0.700
1991-08-22,8.800,0.200
1991-08-23,9.400,0.200
1991-08-24,6.200,0.200
1991-08-25,8.000,0.200
1991-08-26,6.000,0.200
1991-08-27,5.700,0.200
1991-08-28,6.000,0.200
1991-08-29,10.400,0.100
1991-08-30,13.000,0.300
1991-08-31,6.800,0.300
1991-09-01,3.300,0.300
1991-09-02,7.500,0.200
1991-09-03,11.900,0.600
1991-09-04,4.900,0.300
1991-09-05,5.300,0.400
1991-09-06,4.500,0.200
1991-09-07,5.400,0.200
1991-09-08,3.800,0.100
1991-09-09,4.900,0.200
1991-09-10,3.500,0.000
1991-09-11,4.100,0.100
1991-09-12,8.200,0.300
1991-09-13,6.800,0.200
1991-09-14,5.800,0.300
1991-09-15,6.800,0.300
1991-09-16,6.700,0.200
1991-09-17,9.700,3.700
1991-09-18,14.300,2.200
1991-09-19,13.800,1.100
1991-09-20,8.300,0.300
1991-09-21,3.500,0.300
1991-09-22,6.300,0.200
1991-09-23,4.700,0.200
1991-09-24,7.600,0.200
1991-09-25,13.900,0.700
1991-09-26,9.000,0.400
1991-09-27,5.000,0.200
1991-09-28,3.900,0.200
1991-09-29,5.800,0.100
1991-09-30,5.300,0.100
1991-10-01,4.200,0.300
1991-10-02,5.100,0.400
1991-10-03,4.900,0.500
1991-10-04,13.600,2.100
1991-10-05,9.300,1.400
1991-10-06,8.200,0.100
1991-10-07,3.800,0.000
1991-10-08,4.000,0.300
1991-10-09,5.500,0.400
1991-10-10,5.200,0.100
1991-10-11,10.200,0.000
1991-10-12,4.600,0.200
1991-10-13,4.500,0.200
1991-10-14,5.700,0.400
1991-10-15,10.000,0.500
1991-10-16,6.800,0.400
1991-10-17,11.000,0.400
1991-10-18,9.000,0.200
1991-10-19,5.100,0.400
1991-10-20,10.100,0.400
1991-10-21,3.000,0.100
1991-10-22,5.200,0.400
1991-10-23,8.400,0.400
1991-10-24,17.800,1.100
1991-10-25,17.300,1.500
1991-10-26,19.400,2.000
1991-10-27,19.200,1.800
1991-10-28,22.800,2.700
1991-10-29,17.200,1.100
1991-10-30,15.900,1.800
1991-10-31,21.700,2.100
1991-11-01,21.500,5.400
1991-11-02,12.700,2.000
1991-11-03,9.400,0.300
1991-11-04,7.300,0.500
1991-11-05,8.100,0.500
1991-11-06,9.900,0.800
1991-11-07,12.900,1.400
1991-11-08,11.700,0.400
1991-11-09,7.800,0.400
1991-11-10,11.400,0.800
1991-11-11,9.300,0.600
1991-11-12,6.200,0.500
1991-11-13,6.000,0.300
1991-11-14,8.500,1.400
1991-11-15,11.500,0.800
1991-11-16,12.400,0.800
1991-11-17,14.200,0.900
1991-11-18,6.100,0.700
1991-11-19,12.900,0.800
1991-11-20,5.800,0.200
1991-11-21,7.500,0.300
1991-11-22,23.600,1.200
1991-11-23,12.900,0.500
1991-11-24,6.600,0.300
1991-11-25,3.900,0.300
1991-11-26,9.600,0.600
1991-11-27,12.500,0.600
1991-11-28,8.500,0.500
1991-11-29,6.700,1.200
1991-11-30,14.100,1.100
1991-12-01,20.000,0.100
1991-12-02,22.800,2.500
1991-12-03,33.400,2.800
1991-12-04,13.700,0.600
1991-12-05,9.300,0.900
1991-12-06,11.800,0.500
1991-12-07,5.300,0.600
1991-12-08,7.100,0.400
1991-12-09,4.200,0.300
1991-12-10,7.700,1.400
1991-12-11,13.900,0.600
1991-12-12,14.700,0.700
1991-12-13,10.000,0.400
1991-12-14,9.600,0.500
1991-12-15,8.300,0.400
1991-12-16,6.100,1.000
1991-12-17,9.600,0.700
1991-12-18,21.300,0.500
1991-12-19,28.500,0.700
1991-12-20,34.000,0.400
1991-12-21,34.700,0.200
1991-12-22,26.600,1.100
1991-12-23,14.100,0.500
1991-12-24,4.300,0.200
1991-12-25,2.800,0.200
1991-12-26,8.800,0.200
1991-12-27,12.100,0.400
1991-12-28,13.900,0.300
1991-12-29,21.500,0.400
1991-12-30,10.400,0.600
1991-12-31,8.600,0.300
1992-10-01,4.800,0.300
1992-10-02,5.400,0.300
1992-10-03,5.200,0.700
1992-10-04,8.800,0.200
1992-10-05,6.400,8.200
1992-10-06,3.500,8.300
1992-10-07,6.900,8.200
1992-10-08,12.300,8.200
1992-10-09,16.700,8.300
1992-10-10,6.400,7.700
1992-10-11,7.900,7.300
1992-10-12,6.200,0.400
1992-10-13,3.800,0.200
1992-10-14,9.100,0.900
1992-10-15,15.800,1.500
1992-10-16,21.500,0.800
1992-10-17,6.100,0.500
1992-10-18,8.800,0.200
1992-10-19,4.900,0.400
1992-10-20,4.900,0.500
1992-10-21,4.400,0.400
1992-10-22,5.500,0.300
1992-10-23,7.500,0.200
1992-10-24,3.500,0.200
1992-10-25,6.700,0.300
1992-10-26,4.100,0.300
1992-10-27,3.500,0.500
1992-10-28,5.000,0.400
1992-10-29,11.300,0.500
1992-10-30,13.900,0.300
1992-10-31,6.300,0.500
1992-11-01,13.100,0.600
1992-11-02,10.100,1.400
1992-11-03,13.200,1.200
1992-11-04,9.600,0.500
1992-11-05,12.900,0.200
1992-11-06,8.300,0.200
1992-11-07,5.500,0.300
1992-11-08,6.100,0.200
1992-11-09,4.400,0.400
1992-11-10,11.400,0.500
1992-11-11,7.300,0.500
1992-11-12,16.000,0.700
1992-11-13,8.200,0.400
1992-11-14,5.300,0.700
1992-11-15,9.000,0.500
1992-11-16,3.800,0.300
1992-11-17,5.000,0.700
1992-11-18,6.300,0.600
1992-11-19,13.500,0.600
1992-11-20,19.000,1.800
1992-11-21,21.000,0.700
1992-11-22,20.800,2.300
1992-11-23,8.800,5.500
1992-11-24,21.900,1.500
1992-11-25,25.400,0.600
1992-11-26,7.000,1.200
1992-11-27,3.300,0.600
1992-11-28,5.600,0.400
1992-11-29,11.200,0.000
1992-11-30,12.000,0.200
